Symbol	Security	GICS Sector	GICS Sub-Industry	Headquarters Location	Date added	CIK	Founded
IR	Ingersoll Rand	Industrials	Industrial Machinery & Supplies & Components	Davidson, North Carolina	2020-03-03	0001699150	1859
PODD	Insulet Corporation	Health Care	Health Care Equipment	Acton, Massachusetts	2023-03-15	0001145197	2000
INTC	Intel	Information Technology	Semiconductors	Santa Clara, California	1976-12-31	0000050863	1968
ICE	Intercontinental Exchange	Financials	Financial Exchanges & Data	Atlanta, Georgia	2007-09-26	0001571949	2000
IFF	International Flavors & Fragrances	Materials	Specialty Chemicals	New York City, New York	1976-03-31	0000051253	1958 (1889)
IP	International Paper	Materials	Paper & Plastic Packaging Products & Materials	Memphis, Tennessee	1957-03-04	0000051434	1898
IPG	Interpublic Group of Companies (The)	Communication Services	Advertising	New York City, New York	1992-10-01	0000051644	1961 (1930)
INTU	Intuit	Information Technology	Application Software	Mountain View, California	2000-12-05	0000896878	1983
ISRG	Intuitive Surgical	Health Care	Health Care Equipment	Sunnyvale, California	2008-06-02	0001035267	1995
IVZ	Invesco	Financials	Asset Management & Custody Banks	Atlanta, Georgia	2008-08-21	0000914208	1935
INVH	Invitation Homes	Real Estate	Single-Family Residential REITs	Dallas, Texas	2022-09-19	0001687229	2012
IQV	IQVIA	Health Care	Life Sciences Tools & Services	Durham, North Carolina	2017-08-29	0001478242	1982
IRM	Iron Mountain	Real Estate	Other Specialized REITs	Boston, Massachusetts	2009-01-06	0001020569	1951
JBHT	J.B. Hunt	Industrials	Cargo Ground Transportation	Lowell, Arkansas	2015-07-01	0000728535	1961
JBL	Jabil	Information Technology	Electronic Manufacturing Services	St. Petersburg, Florida	2023-12-18	0000898293	1966
JKHY	Jack Henry & Associates	Financials	Transaction & Payment Processing Services	Monett, Missouri	2018-11-13	0000779152	1976
J	Jacobs Solutions	Industrials	Construction & Engineering	Dallas, Texas	2007-10-26	0000052988	1947
JNJ	Johnson & Johnson	Health Care	Pharmaceuticals	New Brunswick, New Jersey	1973-06-30	0000200406	1886
JCI	Johnson Controls	Industrials	Building Products	Cork, Ireland	2010-08-27	0000833444	1885
JPM	JPMorgan Chase	Financials	Diversified Banks	New York City, New York	1975-06-30	0000019617	2000 (1799 / 1871)
JNPR	Juniper Networks	Information Technology	Communications Equipment	Sunnyvale, California	2006-06-02	0001043604	1996
K	Kellanova	Consumer Staples	Packaged Foods & Meats	Chicago, Illinois	1989-09-11	0000055067	1906
KVUE	Kenvue	Consumer Staples	Personal Care Products	Skillman, New Jersey	2023-08-25	0001944048	2022 (Johnson & Johnson spinoff)
KDP	Keurig Dr Pepper	Consumer Staples	Soft Drinks & Non-alcoholic Beverages	Burlington, Massachusetts	2022-06-21	0001418135	1981
KEY	KeyCorp	Financials	Regional Banks	Cleveland, Ohio	1994-03-01	0000091576	1825
KEYS	Keysight Technologies	Information Technology	Electronic Equipment & Instruments	Santa Rosa, California	2018-11-06	0001601046	2014 (1939)
KMB	Kimberly-Clark	Consumer Staples	Household Products	Irving, Texas	1957-03-04	0000055785	1872
KIM	Kimco Realty	Real Estate	Retail REITs	Jericho, New York	2006-04-04	0000879101	1958
KMI	Kinder Morgan	Energy	Oil & Gas Storage & Transportation	Houston, Texas	2012-05-25	0001506307	1997
KKR	KKR & Co.	Financials	Asset Management & Custody Banks	New York City, New York	2024-06-24	0001404912	1976
KLAC	KLA Corporation	Information Technology	Semiconductor Materials & Equipment	Milpitas, California	1997-09-30	0000319201	1975/1977 (1997)
KHC	Kraft Heinz	Consumer Staples	Packaged Foods & Meats	Chicago, Illinois; Pittsburgh, Pennsylvania	2015-07-06	0001637459	2015 (1869)
KR	Kroger	Consumer Staples	Food Retail	Cincinnati, Ohio	1957-03-04	0000056873	1883
LHX	L3Harris	Industrials	Aerospace & Defense	Melbourne, Florida	2008-09-22	0000202058	2019 (L3 1997, Harris 1895)
LH	Labcorp	Health Care	Health Care Services	Burlington, North Carolina	2004-11-01	0000920148	1978
LRCX	Lam Research	Information Technology	Semiconductor Materials & Equipment	Fremont, California	2012-06-29	0000707549	1980
LW	Lamb Weston	Consumer Staples	Packaged Foods & Meats	Eagle, Idaho	2018-12-03	0001679273	2016 (1950)
LVS	Las Vegas Sands	Consumer Discretionary	Casinos & Gaming	Las Vegas, Nevada	2019-10-03	0001300514	1988
LDOS	Leidos	Industrials	Diversified Support Services	Reston, Virginia	2019-08-09	0001336920	1969
LEN	Lennar	Consumer Discretionary	Homebuilding	Miami, Florida	2005-10-04	0000920760	1954
LII	Lennox International	Industrials	Building Products	Richardson, Texas	2024-12-23	0001069202	1895
LLY	Lilly (Eli)	Health Care	Pharmaceuticals	Indianapolis, Indiana	1970-12-31	0000059478	1876
LIN	Linde plc	Materials	Industrial Gases	Guildford, United Kingdom	1992-07-01	0001707925	1879
LYV	Live Nation Entertainment	Communication Services	Movies & Entertainment	Beverly Hills, California	2019-12-23	0001335258	2010
LKQ	LKQ Corporation	Consumer Discretionary	Distributors	Chicago, Illinois	2016-05-23	0001065696	1998
LMT	Lockheed Martin	Industrials	Aerospace & Defense	Bethesda, Maryland	1957-03-04	0000936468	1995
L	Loews Corporation	Financials	Multi-line Insurance	New York City, New York	1995-05-31	0000060086	1959
LOW	Lowe's	Consumer Discretionary	Home Improvement Retail	Mooresville, North Carolina	1984-02-29	0000060667	1904/1946/1959
LULU	Lululemon Athletica	Consumer Discretionary	Apparel, Accessories & Luxury Goods	Vancouver, Canada	2023-10-18	0001397187	1998
LYB	LyondellBasell	Materials	Specialty Chemicals	Rotterdam, Netherlands	2012-09-05	0001489393	2007
MTB	M&T Bank	Financials	Regional Banks	Buffalo, New York	2004-02-23	0000036270	1856
MPC	Marathon Petroleum	Energy	Oil & Gas Refining & Marketing	Findlay, Ohio	2011-07-01	0001510295	2009 (1887)
MKTX	MarketAxess	Financials	Financial Exchanges & Data	New York City, New York	2019-07-01	0001278021	2000
MAR	Marriott International	Consumer Discretionary	Hotels, Resorts & Cruise Lines	Bethesda, Maryland	1998-05-29	0001048286	1927
MMC	Marsh McLennan	Financials	Insurance Brokers	New York City, New York	1987-08-31	0000062709	1905
MLM	Martin Marietta Materials	Materials	Construction Materials	Raleigh, North Carolina	2014-07-02	0000916076	1993
MAS	Masco	Industrials	Building Products	Livonia, Michigan	1981-06-30	0000062996	1929
MA	Mastercard	Financials	Transaction & Payment Processing Services	Harrison, New York	2008-07-18	0001141391	1966
MTCH	Match Group	Communication Services	Interactive Media & Services	Dallas, Texas	2021-09-20	0000891103	1986
MKC	McCormick & Company	Consumer Staples	Packaged Foods & Meats	Hunt Valley, Maryland	2003-03-20	0000063754	1889
MCD	McDonald's	Consumer Discretionary	Restaurants	Chicago, Illinois	1970-06-30	0000063908	1940
MCK	McKesson Corporation	Health Care	Health Care Distributors	Irving, Texas	1999-01-13	0000927653	1833
MDT	Medtronic	Health Care	Health Care Equipment	Dublin, Ireland	1986-10-31	0001613103	1949
MRK	Merck & Co.	Health Care	Pharmaceuticals	Kenilworth, New Jersey	1957-03-04	0000310158	1891
META	Meta Platforms	Communication Services	Interactive Media & Services	Menlo Park, California	2013-12-23	0001326801	2004
MET	MetLife	Financials	Life & Health Insurance	New York City, New York	2000-12-11	0001099219	1868
MTD	Mettler Toledo	Health Care	Life Sciences Tools & Services	Columbus, Ohio	2016-09-06	0001037646	1945
MGM	MGM Resorts	Consumer Discretionary	Casinos & Gaming	Paradise, Nevada	2017-07-26	0000789570	1986
MCHP	Microchip Technology	Information Technology	Semiconductors	Chandler, Arizona	2007-09-07	0000827054	1989
MU	Micron Technology	Information Technology	Semiconductors	Boise, Idaho	1994-09-27	0000723125	1978
MSFT	Microsoft	Information Technology	Systems Software	Redmond, Washington	1994-06-01	0000789019	1975
MAA	Mid-America Apartment Communities	Real Estate	Multi-Family Residential REITs	Memphis, Tennessee	2016-12-02	0000912595	1977
MRNA	Moderna	Health Care	Biotechnology	Cambridge, Massachusetts	2021-07-21	0001682852	2010
MHK	Mohawk Industries	Consumer Discretionary	Home Furnishings	Calhoun, Georgia	2013-12-23	0000851968	1878
MOH	Molina Healthcare	Health Care	Managed Health Care	Long Beach, California	2022-03-02	0001179929	1980
TAP	Molson Coors Beverage Company	Consumer Staples	Brewers	Chicago, Illinois	1976-06-30	0000024545	2005 (Molson 1786, Coors 1873)
MDLZ	Mondelez International	Consumer Staples	Packaged Foods & Meats	Chicago, Illinois	2012-10-02	0001103982	2012
MPWR	Monolithic Power Systems	Information Technology	Semiconductors	Kirkland, Washington	2021-02-12	0001280452	1997
MNST	Monster Beverage	Consumer Staples	Soft Drinks & Non-alcoholic Beverages	Corona, California	2012-06-28	0000865752	2012 (1935)
MCO	Moody's Corporation	Financials	Financial Exchanges & Data	New York City, New York	1998-07-01	0001059556	1909
MS	Morgan Stanley	Financials	Investment Banking & Brokerage	New York City, New York	1993-07-29	0000895421	1935
MOS	Mosaic Company (The)	Materials	Fertilizers & Agricultural Chemicals	Tampa, Florida	2011-09-26	0001285785	2004 (1865 / 1909)
MSI	Motorola Solutions	Information Technology	Communications Equipment	Chicago, Illinois	1957-03-04	0000068505	1928 (2011)
MSCI	MSCI Inc.	Financials	Financial Exchanges & Data	New York City, New York	2018-04-04	0001408198	1969
NDAQ	Nasdaq, Inc.	Financials	Financial Exchanges & Data	New York City, New York	2008-10-22	0001120193	1971
NTAP	NetApp	Information Technology	Technology Hardware, Storage & Peripherals	San Jose, California	1999-06-25	0001002047	1992
NFLX	Netflix	Communication Services	Movies & Entertainment	Los Gatos, California	2010-12-20	0001065280	1997
NEM	Newmont	Materials	Gold	Denver, Colorado	1969-06-30	0001164727	1921
NWSA	News Corp (Class A)	Communication Services	Publishing	New York City, New York	2013-08-01	0001564708	2013 (News Corporation 1980)
NWS	News Corp (Class B)	Communication Services	Publishing	New York City, New York	2015-09-18	0001564708	2013 (News Corporation 1980)
NEE	NextEra Energy	Utilities	Multi-Utilities	Juno Beach, Florida	1976-06-30	0000753308	1984 (1925)
NKE	Nike, Inc.	Consumer Discretionary	Apparel, Accessories & Luxury Goods	Washington County, Oregon	1988-11-30	0000320187	1964
NI	NiSource	Utilities	Multi-Utilities	Merrillville, Indiana	2000-11-02	0001111711	1912
NDSN	Nordson Corporation	Industrials	Industrial Machinery & Supplies & Components	Westlake, Ohio	2022-02-15	0000072331	1935
NSC	Norfolk Southern	Industrials	Rail Transportation	Atlanta, Georgia	1957-03-04	0000702165	1881/1894 (1980)
NTRS	Northern Trust	Financials	Asset Management & Custody Banks	Chicago, Illinois	1998-01-30	0000073124	1889
NOC	Northrop Grumman	Industrials	Aerospace & Defense	West Falls Church, Virginia	1957-03-04	0001133421	1994 (Northrop 1939, Grumman 1930)
NCLH	Norwegian Cruise Line Holdings	Consumer Discretionary	Hotels, Resorts & Cruise Lines	Miami, Florida	2017-10-13	0001513761	2011 (1966)
NRG	NRG Energy	Utilities	Independent Power Producers & Energy Traders	Houston, Texas	2010-01-29	0001013871	1992
NUE	Nucor	Materials	Steel	Charlotte, North Carolina	1985-04-30	0000073309	1940
NVDA	Nvidia	Information Technology	Semiconductors	Santa Clara, California	2001-11-30	0001045810	1993
NVR	NVR, Inc.	Consumer Discretionary	Homebuilding	Reston, Virginia	2019-09-26	0000906163	1980
NXPI	NXP Semiconductors	Information Technology	Semiconductors	Eindhoven, Netherlands	2021-03-22	0001413447	1953
ORLY	O’Reilly Automotive	Consumer Discretionary	Automotive Retail	Springfield, Missouri	2009-03-27	0000898173	1957
OXY	Occidental Petroleum	Energy	Oil & Gas Exploration & Production	Houston, Texas	1957-03-04	0000797468	1920
ODFL	Old Dominion	Industrials	Cargo Ground Transportation	Thomasville, North Carolina	2019-12-09	0000878927	1934
OMC	Omnicom Group	Communication Services	Advertising	New York City, New York	1997-12-31	0000029989	1986
ON	ON Semiconductor	Information Technology	Semiconductors	Phoenix, Arizona	2022-06-21	0001097864	1999
OKE	Oneok	Energy	Oil & Gas Storage & Transportation	Tulsa, Oklahoma	2010-03-15	0001039684	1906
ORCL	Oracle Corporation	Information Technology	Application Software	Austin, Texas	1989-08-31	0001341439	1977
OTIS	Otis Worldwide	Industrials	Industrial Machinery & Supplies & Components	Farmington, Connecticut	2020-04-03	0001781335	2020 (1853, United Technologies spinoff)
PCAR	Paccar	Industrials	Construction Machinery & Heavy Transportation Equipment	Bellevue, Washington	1980-12-31	0000075362	1905
PKG	Packaging Corporation of America	Materials	Paper & Plastic Packaging Products & Materials	Lake Forest, Illinois	2017-07-26	0000075677	1959
PLTR	Palantir Technologies	Information Technology	Internet Services & Infrastructure	Denver, Colorado	2024-09-23	0001321655	2003
PANW	Palo Alto Networks	Information Technology	Systems Software	Santa Clara, California	2023-06-20	0001327567	2005
PARA	Paramount Global	Communication Services	Movies & Entertainment	New York City, New York	1994-09-30	0000813828	2019 (Paramount Pictures 1912)
PH	Parker Hannifin	Industrials	Industrial Machinery & Supplies & Components	Cleveland, Ohio	1985-11-30	0000076334	1917
PAYX	Paychex	Industrials	Human Resource & Employment Services	Penfield, New York	1998-10-01	0000723531	1971
PAYC	Paycom	Industrials	Human Resource & Employment Services	Oklahoma City, Oklahoma	2020-01-28	0001590955	1998
PYPL	PayPal	Financials	Transaction & Payment Processing Services	San Jose, California	2015-07-20	0001633917	1998
PNR	Pentair	Industrials	Industrial Machinery & Supplies & Components	Worsley, United Kingdom	2012-10-01	0000077360	1966
PEP	PepsiCo	Consumer Staples	Soft Drinks & Non-alcoholic Beverages	Purchase, New York	1957-03-04	0000077476	1898
PFE	Pfizer	Health Care	Pharmaceuticals	New York City, New York	1957-03-04	0000078003	1849
PCG	PG&E Corporation	Utilities	Multi-Utilities	Oakland, California	2022-10-03	0001004980	1905
PM	Philip Morris International	Consumer Staples	Tobacco	New York City, New York	2008-03-31	0001413329	2008 (1847)
PSX	Phillips 66	Energy	Oil & Gas Refining & Marketing	Houston, Texas	2012-05-01	0001534701	2012 (1917)
PNW	Pinnacle West Capital	Utilities	Multi-Utilities	Phoenix, Arizona	1999-10-04	0000764622	1985
PNC	PNC Financial Services	Financials	Diversified Banks	Pittsburgh, Pennsylvania	1988-04-30	0000713676	1845
POOL	Pool Corporation	Consumer Discretionary	Distributors	Covington, Louisiana	2020-10-07	0000945841	1993
PPG	PPG Industries	Materials	Specialty Chemicals	Pittsburgh, Pennsylvania	1957-03-04	0000079879	1883
PPL	PPL Corporation	Utilities	Electric Utilities	Allentown, Pennsylvania	2001-10-01	0000922224	1920
PFG	Principal Financial Group	Financials	Life & Health Insurance	Des Moines, Iowa	2002-07-22	0001126328	1879
PG	Procter & Gamble	Consumer Staples	Personal Care Products	Cincinnati, Ohio	1957-03-04	0000080424	1837
PGR	Progressive Corporation	Financials	Property & Casualty Insurance	Mayfield Village, Ohio	1997-08-04	0000080661	1937
PLD	Prologis	Real Estate	Industrial REITs	San Francisco, California	2003-07-17	0001045609	1983
PRU	Prudential Financial	Financials	Life & Health Insurance	Newark, New Jersey	2002-07-22	0001137774	1875
PEG	Public Service Enterprise Group	Utilities	Electric Utilities	Newark, New Jersey	1957-03-04	0000788784	1903
PTC	PTC Inc.	Information Technology	Application Software	Boston, Massachusetts	2021-04-20	0000857005	1985
PSA	Public Storage	Real Estate	Self-Storage REITs	Glendale, California	2005-08-19	0001393311	1972
PHM	PulteGroup	Consumer Discretionary	Homebuilding	Atlanta, Georgia	1984-04-30	0000822416	1956
PWR	Quanta Services	Industrials	Construction & Engineering	Houston, Texas	2009-07-01	0001050915	1997
QCOM	Qualcomm	Information Technology	Semiconductors	San Diego, California	1999-07-22	0000804328	1985
DGX	Quest Diagnostics	Health Care	Health Care Services	Secaucus, New Jersey	2002-12-12	0001022079	1967
RL	Ralph Lauren Corporation	Consumer Discretionary	Apparel, Accessories & Luxury Goods	New York City, New York	2007-02-02	0001037038	1967
RJF	Raymond James Financial	Financials	Investment Banking & Brokerage	St. Petersburg, Florida	2017-03-20	0000720005	1962
RTX	RTX Corporation	Industrials	Aerospace & Defense	Waltham, Massachusetts	1957-03-04	0000101829	1922
O	Realty Income	Real Estate	Retail REITs	San Diego, California	2015-04-07	0000726728	1969
REG	Regency Centers	Real Estate	Retail REITs	Jacksonville, Florida	2017-03-02	0000910606	1963
REGN	Regeneron Pharmaceuticals	Health Care	Biotechnology	Tarrytown, New York	2013-05-01	0000872589	1988
RF	Regions Financial Corporation	Financials	Regional Banks	Birmingham, Alabama	1998-08-28	0001281761	1971
RSG	Republic Services	Industrials	Environmental & Facilities Services	Phoenix, Arizona	2008-12-05	0001060391	1998 (1981)
RMD	ResMed	Health Care	Health Care Equipment	San Diego, California	2017-07-26	0000943819	1989
RVTY	Revvity	Health Care	Health Care Equipment	Waltham, Massachusetts	1985-05-31	0000031791	1937
ROK	Rockwell Automation	Industrials	Electrical Components & Equipment	Milwaukee, Wisconsin	2000-03-12	0001024478	1903
ROL	Rollins, Inc.	Industrials	Environmental & Facilities Services	Atlanta, Georgia	2018-10-01	0000084839	1948
ROP	Roper Technologies	Information Technology	Electronic Equipment & Instruments	Sarasota, Florida	2009-12-23	0000882835	1981
ROST	Ross Stores	Consumer Discretionary	Apparel Retail	Dublin, California	2009-12-21	0000745732	1982
RCL	Royal Caribbean Group	Consumer Discretionary	Hotels, Resorts & Cruise Lines	Miami, Florida	2014-12-05	0000884887	1997
SPGI	S&P Global	Financials	Financial Exchanges & Data	New York City, New York	1957-03-04	0000064040	1917
CRM	Salesforce	Information Technology	Application Software	San Francisco, California	2008-09-15	0001108524	1999
SBAC	SBA Communications	Real Estate	Telecom Tower REITs	Boca Raton, Florida	2017-09-01	0001034054	1989
SLB	Schlumberger	Energy	Oil & Gas Equipment & Services	Houston, Texas	1957-03-04	0000087347	1926
STX	Seagate Technology	Information Technology	Technology Hardware, Storage & Peripherals	Dublin, Ireland	2012-07-02	0001137789	1979
SRE	Sempra	Utilities	Multi-Utilities	San Diego, California	2017-03-17	0001032208	1998
NOW	ServiceNow	Information Technology	Systems Software	Santa Clara, California	2019-11-21	0001373715	2003
SHW	Sherwin-Williams	Materials	Specialty Chemicals	Cleveland, Ohio	1964-06-30	0000089800	1866
SPG	Simon Property Group	Real Estate	Retail REITs	Indianapolis, Indiana	2002-06-26	0001063761	2003
SWKS	Skyworks Solutions	Information Technology	Semiconductors	Irvine, California	2015-03-12	0000004127	2002
SJM	J.M. Smucker Company (The)	Consumer Staples	Packaged Foods & Meats	Orrville, Ohio	2008-11-06	0000091419	1897
SW	Smurfit Westrock	Materials	Paper & Plastic Packaging Products & Materials	Dublin, Ireland	2024-07-08	0002005951	1934
SNA	Snap-on	Industrials	Industrial Machinery & Supplies & Components	Kenosha, Wisconsin	1982-09-30	0000091440	1920
SOLV	Solventum	Health Care	Health Care Technology	Saint Paul, Minnesota	2024-04-01	0001964738	2023
SO	Southern Company	Utilities	Electric Utilities	Atlanta, Georgia	1957-03-04	0000092122	1945
LUV	Southwest Airlines	Industrials	Passenger Airlines	Dallas, Texas	1994-07-01	0000092380	1967
SWK	Stanley Black & Decker	Industrials	Industrial Machinery & Supplies & Components	New Britain, Connecticut	1982-09-30	0000093556	1843
SBUX	Starbucks	Consumer Discretionary	Restaurants	Seattle, Washington	2000-06-07	0000829224	1971
STT	State Street Corporation	Financials	Asset Management & Custody Banks	Boston, Massachusetts	2003-03-14	0000093751	1792
STLD	Steel Dynamics	Materials	Steel	Fort Wayne, Indiana	2022-12-22	0001022671	1993
STE	Steris	Health Care	Health Care Equipment	Dublin, Ireland	2019-12-23	0001757898	1985
SYK	Stryker Corporation	Health Care	Health Care Equipment	Kalamazoo, Michigan	2000-12-12	0000310764	1941
SMCI	Supermicro	Information Technology	Technology Hardware, Storage & Peripherals	San Jose, California	2024-03-18	0001375365	1993
SYF	Synchrony Financial	Financials	Consumer Finance	Stamford, Connecticut	2015-11-18	0001601712	2003
SNPS	Synopsys	Information Technology	Application Software	Sunnyvale, California	2017-03-16	0000883241	1986
SYY	Sysco	Consumer Staples	Food Distributors	Houston, Texas	1986-12-31	0000096021	1969
TMUS	T-Mobile US	Communication Services	Wireless Telecommunication Services	Bellevue, Washington	2019-07-15	0001283699	1994
TROW	T. Rowe Price	Financials	Asset Management & Custody Banks	Baltimore, Maryland	2019-07-29	0001113169	1937
TTWO	Take-Two Interactive	Communication Services	Interactive Home Entertainment	New York City, New York	2018-03-19	0000946581	1993
TPR	Tapestry, Inc.	Consumer Discretionary	Apparel, Accessories & Luxury Goods	New York City, New York	2004-09-01	0001116132	2017
TRGP	Targa Resources	Energy	Oil & Gas Storage & Transportation	Houston, Texas	2022-10-12	0001389170	2005
TGT	Target Corporation	Consumer Staples	Consumer Staples Merchandise Retail	Minneapolis, Minnesota	1976-12-31	0000027419	1902
TEL	TE Connectivity	Information Technology	Electronic Manufacturing Services	Galway, Ireland	2011-10-17	0001385157	2007
TDY	Teledyne Technologies	Information Technology	Electronic Equipment & Instruments	Thousand Oaks, California	2020-06-22	0001094285	1960
TFX	Teleflex	Health Care	Health Care Equipment	Wayne, Pennsylvania	2019-01-18	0000096943	1943
TER	Teradyne	Information Technology	Semiconductor Materials & Equipment	North Reading, Massachusetts	2020-09-21	0000097210	1960
TSLA	Tesla, Inc.	Consumer Discretionary	Automobile Manufacturers	Austin, Texas	2020-12-21	0001318605	2003
TXN	Texas Instruments	Information Technology	Semiconductors	Dallas, Texas	2001-03-12	0000097476	1930
TPL	Texas Pacific Land Corporation	Energy	Oil & Gas Exploration & Production	Dallas, Texas	2024-11-26	0001811074	1888
TXT	Textron	Industrials	Aerospace & Defense	Providence, Rhode Island	1978-12-31	0000217346	1923
TMO	Thermo Fisher Scientific	Health Care	Life Sciences Tools & Services	Waltham, Massachusetts	2004-08-03	0000097745	2006 (1902)
TJX	TJX Companies	Consumer Discretionary	Apparel Retail	Framingham, Massachusetts	1985-09-30	0000109198	1987
TSCO	Tractor Supply	Consumer Discretionary	Other Specialty Retail	Brentwood, Tennessee	2014-01-24	0000916365	1938
TT	Trane Technologies	Industrials	Building Products	Dublin, Ireland	2010-11-17	0001466258	1871
TDG	TransDigm Group	Industrials	Aerospace & Defense	Cleveland, Ohio	2016-06-03	0001260221	1993
TRV	Travelers Companies (The)	Financials	Property & Casualty Insurance	New York City, New York	2002-08-21	0000086312	1853
TRMB	Trimble Inc.	Information Technology	Electronic Equipment & Instruments	Westminster, Colorado	2021-01-21	0000864749	1978
TFC	Truist Financial	Financials	Diversified Banks	Charlotte, North Carolina	1997-12-04	0000092230	1872
TYL	Tyler Technologies	Information Technology	Application Software	Plano, Texas	2020-06-22	0000860731	1966
TSN	Tyson Foods	Consumer Staples	Packaged Foods & Meats	Springdale, Arkansas	2005-08-10	0000100493	1935
USB	U.S. Bancorp	Financials	Diversified Banks	Minneapolis, Minnesota	1999-11-01	0000036104	1968
UBER	Uber	Industrials	Passenger Ground Transportation	San Francisco, California	2023-12-18	0001543151	2009
UDR	UDR, Inc.	Real Estate	Multi-Family Residential REITs	Highlands Ranch, Colorado	2016-03-07	0000074208	1972
ULTA	Ulta Beauty	Consumer Discretionary	Other Specialty Retail	Bolingbrook, Illinois	2016-04-18	0001403568	1990
UNP	Union Pacific Corporation	Industrials	Rail Transportation	Omaha, Nebraska	1957-03-04	0000100885	1862
UAL	United Airlines Holdings	Industrials	Passenger Airlines	Chicago, Illinois	2015-09-03	0000100517	1967
UPS	United Parcel Service	Industrials	Air Freight & Logistics	Sandy Springs, Georgia	2002-07-22	0001090727	1907
URI	United Rentals	Industrials	Trading Companies & Distributors	Stamford, Connecticut	2014-09-20	0001067701	1997
UNH	UnitedHealth Group	Health Care	Managed Health Care	Minnetonka, Minnesota	1994-07-01	0000731766	1977
UHS	Universal Health Services	Health Care	Health Care Facilities	King of Prussia, Pennsylvania	2014-09-20	0000352915	1979
VLO	Valero Energy	Energy	Oil & Gas Refining & Marketing	San Antonio, Texas	2002-12-20	0001035002	1980
VTR	Ventas	Real Estate	Health Care REITs	Chicago, Illinois	2009-03-04	0000740260	1998
VLTO	Veralto	Industrials	Environmental & Facilities Services	Waltham, Massachusetts	2023-10-02	0001967680	2023
VRSN	Verisign	Information Technology	Internet Services & Infrastructure	Dulles, Virginia	2006-02-01	0001014473	1995
VRSK	Verisk Analytics	Industrials	Research & Consulting Services	Jersey City, New Jersey	2015-10-08	0001442145	1971
VZ	Verizon	Communication Services	Integrated Telecommunication Services	New York City, New York	1983-11-30	0000732712	1983 (1877)
VRTX	Vertex Pharmaceuticals	Health Care	Biotechnology	Boston, Massachusetts	2013-09-23	0000875320	1989
VTRS	Viatris	Health Care	Pharmaceuticals	Pittsburgh, Pennsylvania	2004-04-23	0001792044	1961
VICI	Vici Properties	Real Estate	Hotel & Resort REITs	New York City, New York	2022-06-08	0001705696	2017
V	Visa Inc.	Financials	Transaction & Payment Processing Services	San Francisco, California	2009-12-21	0001403161	1958
VST	Vistra Corp.	Utilities	Electric Utilities	Irving, Texas	2024-05-08	0001692819	2016
VMC	Vulcan Materials Company	Materials	Construction Materials	Birmingham, Alabama	1999-06-30	0001396009	1909
WRB	W. R. Berkley Corporation	Financials	Property & Casualty Insurance	Greenwich, Connecticut	2019-12-05	0000011544	1967
GWW	W. W. Grainger	Industrials	Industrial Machinery & Supplies & Components	Lake Forest, Illinois	1981-06-30	0000277135	1927
WAB	Wabtec	Industrials	Construction Machinery & Heavy Transportation Equipment	Pittsburgh, Pennsylvania	2019-02-27	0000943452	1999 (1869)
WBA	Walgreens Boots Alliance	Consumer Staples	Drug Retail	Deerfield, Illinois	1979-12-31	0001618921	2014
WMT	Walmart	Consumer Staples	Consumer Staples Merchandise Retail	Bentonville, Arkansas	1982-08-31	0000104169	1962
DIS	Walt Disney Company (The)	Communication Services	Movies & Entertainment	Burbank, California	1976-06-30	0001744489	1923
WBD	Warner Bros. Discovery	Communication Services	Broadcasting	New York City, New York	2022-04-11	0001437107	2022 (Warner Bros. 1923)
WM	Waste Management	Industrials	Environmental & Facilities Services	Houston, Texas	1998-08-31	0000823768	1968
WAT	Waters Corporation	Health Care	Life Sciences Tools & Services	Milford, Massachusetts	2002-01-02	0001000697	1958
WEC	WEC Energy Group	Utilities	Electric Utilities	Milwaukee, Wisconsin	2008-10-31	0000783325	1896
WFC	Wells Fargo	Financials	Diversified Banks	San Francisco, California	1976-06-30	0000072971	1852
WELL	Welltower	Real Estate	Health Care REITs	Toledo, Ohio	2009-01-30	0000766704	1970
WST	West Pharmaceutical Services	Health Care	Health Care Supplies	Exton, Pennsylvania	2020-05-22	0000105770	1923
WDC	Western Digital	Information Technology	Technology Hardware, Storage & Peripherals	San Jose, California	2009-07-01	0000106040	1970
WY	Weyerhaeuser	Real Estate	Timber REITs	Seattle, Washington	1979-10-01	0000106535	1900
WMB	Williams Companies	Energy	Oil & Gas Storage & Transportation	Tulsa, Oklahoma	1975-03-31	0000107263	1908
WTW	Willis Towers Watson	Financials	Insurance Brokers	London, United Kingdom	2016-01-05	0001140536	2016
WDAY	Workday, Inc.	Information Technology	Application Software	Pleasanton, California	2024-12-23	0001327811	2005
WYNN	Wynn Resorts	Consumer Discretionary	Casinos & Gaming	Paradise, Nevada	2008-11-14	0001174922	2002
XEL	Xcel Energy	Utilities	Multi-Utilities	Minneapolis, Minnesota	1957-03-04	0000072903	1909
XYL	Xylem Inc.	Industrials	Industrial Machinery & Supplies & Components	White Plains, New York	2011-11-01	0001524472	2011
YUM	Yum! Brands	Consumer Discretionary	Restaurants	Louisville, Kentucky	1997-10-06	0001041061	1997
ZBRA	Zebra Technologies	Information Technology	Electronic Equipment & Instruments	Lincolnshire, Illinois	2019-12-23	0000877212	1969
ZBH	Zimmer Biomet	Health Care	Health Care Equipment	Warsaw, Indiana	2001-08-07	0001136869	1927
ZTS	Zoetis	Health Care	Pharmaceuticals	Parsippany, New Jersey	2013-06-21	0001555280	1952
